{
    "turnos":[
        {
            "id":0,
            "hora":"8:00"
        },
        {
            "id":1,
            "hora":"9:00"
        },
        {
            "id":2,
            "hora":"10:00"
        },
        {
            "id":3,
            "hora":"11:00"
        },
        {
            "id":4,
            "hora":"12:00"
        },
        {
            "id":5,
            "hora":"13:00"
        },
        {
            "id":6,
            "hora":"14:00"
        },
        {
            "id":7,
            "hora":"15:00"
        }
    ]
}